GROUP,PACKAGE,CLASS,INSTRUCTION_MISSED,INSTRUCTION_COVERED,BRANCH_MISSED,BRANCH_COVERED,LINE_MISSED,LINE_COVERED,COMPLEXITY_MISSED,COMPLEXITY_COVERED,METHOD_MISSED,METHOD_COVERED
Docs Core,com.sismics.util.jpa,EMF.new DbOpenHelper() {...},17,4,2,0,5,1,3,1,2,1
Docs Core,com.sismics.util.jpa,DialectUtil,83,9,16,2,17,2,12,1,3,1
Docs Core,com.sismics.util.jpa,DbOpenHelper,212,106,23,5,50,35,19,3,5,3
Docs Core,com.sismics.util.jpa,EMF,143,61,5,1,37,20,4,5,1,5
Docs Core,com.sismics.docs.core.model.context,AppContext,185,180,23,5,50,42,19,8,6,7
Docs Core,com.sismics.util,ImageUtil,108,82,14,8,32,16,12,4,2,3
Docs Core,com.sismics.util,ClasspathScanner,84,0,12,0,16,0,10,0,4,0
Docs Core,com.sismics.util,LocaleUtil,43,0,6,0,12,0,5,0,2,0
Docs Core,com.sismics.util,ImageDeskew.HoughLine,12,0,0,0,3,0,1,0,1,0
Docs Core,com.sismics.util,ResourceUtil,22,125,5,19,3,29,5,10,1,2
Docs Core,com.sismics.util,EmailUtil.MailContent,28,0,0,0,10,0,7,0,7,0
Docs Core,com.sismics.util,EmailUtil.FileContent,12,0,0,0,4,0,4,0,4,0
Docs Core,com.sismics.util,HttpUtil,20,0,0,0,3,0,3,0,3,0
Docs Core,com.sismics.util,EmailUtil,411,0,40,0,97,0,26,0,6,0
Docs Core,com.sismics.util,MessageUtil,24,0,0,0,8,0,3,0,3,0
Docs Core,com.sismics.util,Scalr,42,45,5,5,4,13,6,1,1,1
Docs Core,com.sismics.util,JsonUtil,44,0,6,0,10,0,7,0,4,0
Docs Core,com.sismics.util,EnvironmentUtil,41,24,7,1,10,7,13,3,9,3
Docs Core,com.sismics.util,ImageDeskew,386,0,28,0,64,0,21,0,7,0
Docs Core,com.sismics.util,ResourceBundleModel,71,0,4,0,15,0,4,0,2,0
Docs Core,com.sismics.util,HtmlToPlainText.FormattingVisitor,264,0,30,0,41,0,20,0,5,0
Docs Core,com.sismics.util,HtmlToPlainText,13,0,0,0,4,0,2,0,2,0
Docs Core,com.sismics.docs.core.event,AclEvent,43,0,0,0,15,0,8,0,8,0
Docs Core,com.sismics.docs.core.event,AclDeletedAsyncEvent,3,0,0,0,1,0,1,0,1,0
Docs Core,com.sismics.docs.core.event,DocumentUpdatedAsyncEvent,18,0,0,0,7,0,4,0,4,0
Docs Core,com.sismics.docs.core.event,AclCreatedAsyncEvent,3,0,0,0,1,0,1,0,1,0
Docs Core,com.sismics.docs.core.event,FileCreatedAsyncEvent,3,0,0,0,1,0,1,0,1,0
Docs Core,com.sismics.docs.core.event,RebuildIndexAsyncEvent,7,0,0,0,3,0,2,0,2,0
Docs Core,com.sismics.docs.core.event,RouteStepValidateEvent,30,0,0,0,11,0,6,0,6,0
Docs Core,com.sismics.docs.core.event,FileDeletedAsyncEvent,29,0,0,0,11,0,6,0,6,0
Docs Core,com.sismics.docs.core.event,FileEvent,37,0,0,0,14,0,8,0,8,0
Docs Core,com.sismics.docs.core.event,DocumentCreatedAsyncEvent,18,0,0,0,7,0,4,0,4,0
Docs Core,com.sismics.docs.core.event,UserEvent,10,0,0,0,4,0,3,0,3,0
Docs Core,com.sismics.docs.core.event,PasswordLostEvent,28,0,0,0,11,0,6,0,6,0
Docs Core,com.sismics.docs.core.event,FileUpdatedAsyncEvent,3,0,0,0,1,0,1,0,1,0
Docs Core,com.sismics.docs.core.event,DocumentDeletedAsyncEvent,18,0,0,0,7,0,4,0,4,0
Docs Core,org.apache.pdfbox.pdmodel.font,DocsPDType1Font,352,195,65,9,76,47,48,9,13,7
Docs Core,com.sismics.docs.core.dao.dto,RouteModelDto,27,0,0,0,10,0,7,0,7,0
Docs Core,com.sismics.docs.core.dao.dto,AclDto,45,0,0,0,19,0,13,0,13,0
Docs Core,com.sismics.docs.core.dao.dto,ContributorDto,17,0,0,0,7,0,5,0,5,0
Docs Core,com.sismics.docs.core.dao.dto,RouteDto,27,0,0,0,10,0,7,0,7,0
Docs Core,com.sismics.docs.core.dao.dto,DocumentMetadataDto,51,0,0,0,19,0,13,0,13,0
Docs Core,com.sismics.docs.core.dao.dto,GroupDto,54,0,0,0,18,0,13,0,13,0
Docs Core,com.sismics.docs.core.dao.dto,DocumentDto,63,90,0,0,26,38,17,26,17,26
Docs Core,com.sismics.docs.core.dao.dto,UserDto,76,0,0,0,30,0,18,0,18,0
Docs Core,com.sismics.docs.core.dao.dto,RouteStepDto,146,0,0,0,48,0,26,0,26,0
Docs Core,com.sismics.docs.core.dao.dto,RelationDto,24,0,0,0,10,0,7,0,7,0
Docs Core,com.sismics.docs.core.dao.dto,MetadataDto,27,0,0,0,10,0,7,0,7,0
Docs Core,com.sismics.docs.core.dao.dto,TagDto,43,0,0,0,16,0,11,0,11,0
Docs Core,com.sismics.docs.core.dao.dto,WebhookDto,46,0,0,0,15,0,11,0,11,0
Docs Core,com.sismics.docs.core.dao.dto,CommentDto,38,0,0,0,16,0,11,0,11,0
Docs Core,com.sismics.docs.core.dao.dto,AuditLogDto,52,0,0,0,22,0,15,0,15,0
Docs Core,com.sismics.docs.core.listener.async,FileProcessingAsyncListener,248,7,16,0,61,2,14,2,6,2
Docs Core,com.sismics.docs.core.listener.async,FileDeletedAsyncListener,66,7,8,0,18,2,7,2,3,2
Docs Core,com.sismics.docs.core.listener.async,RebuildIndexAsyncListener,62,7,8,0,22,2,7,2,3,2
Docs Core,com.sismics.docs.core.listener.async,RouteStepValidateAsyncListener,44,7,2,0,11,2,3,2,2,2
Docs Core,com.sismics.docs.core.listener.async,AclDeletedAsyncListener,22,7,2,0,5,2,3,2,2,2
Docs Core,com.sismics.docs.core.listener.async,WebhookAsyncListener,118,14,4,0,33,4,10,2,8,2
Docs Core,com.sismics.docs.core.listener.async,DocumentDeletedAsyncListener,18,7,2,0,6,2,3,2,2,2
Docs Core,com.sismics.docs.core.listener.async,DocumentUpdatedAsyncListener,101,7,10,0,26,2,7,2,2,2
Docs Core,com.sismics.docs.core.listener.async,PasswordLostAsyncListener,39,7,2,0,11,2,3,2,2,2
Docs Core,com.sismics.docs.core.listener.async,DocumentCreatedAsyncListener,47,7,4,0,14,2,4,2,2,2
Docs Core,com.sismics.docs.core.listener.async,AclCreatedAsyncListener,22,7,2,0,5,2,3,2,2,2
Docs Core,com.sismics.docs.core.service,FileService.TemporaryPathReference,0,10,0,0,0,3,0,1,0,1
Docs Core,com.sismics.docs.core.service,InboxService,540,25,40,0,131,10,30,5,10,5
Docs Core,com.sismics.docs.core.service,FileService,4,77,0,2,2,21,1,9,1,8
Docs Core,com.sismics.docs.core.service,FileSizeService,77,22,8,0,23,9,7,5,3,5
Docs Core,com.sismics.docs.core.util.pdf,PdfPage,12,294,3,15,1,51,3,14,0,8
Docs Core,com.sismics.util.log4j,MemoryAppender,112,65,22,4,31,15,15,6,3,5
Docs Core,com.sismics.util.log4j,LogEntry,12,15,0,0,4,6,4,1,4,1
Docs Core,com.sismics.util.log4j,LogCriteria,29,0,0,0,10,0,7,0,7,0
Docs Core,com.sismics.util.context,ThreadLocalContext,38,36,5,3,13,13,6,6,3,5
Docs Core,com.sismics.docs.core.util,DirectoryUtil,63,45,10,6,18,13,12,4,5,3
Docs Core,com.sismics.docs.core.util,ConfigUtil,30,20,1,1,10,6,6,2,5,2
Docs Core,com.sismics.docs.core.util,RoutingUtil,200,0,19,0,46,0,14,0,4,0
Docs Core,com.sismics.docs.core.util,PdfUtil,44,204,10,12,13,45,12,3,2,2
Docs Core,com.sismics.docs.core.util,FileUtil,381,92,26,0,92,11,20,2,7,2
Docs Core,com.sismics.docs.core.util,TransactionUtil,83,19,15,1,34,7,10,2,2,2
Docs Core,com.sismics.docs.core.util,DocumentUtil,62,0,0,0,17,0,2,0,2,0
Docs Core,com.sismics.docs.core.util,SecurityUtil,48,0,11,0,12,0,9,0,3,0
Docs Core,com.sismics.docs.core.util,MetadataUtil,373,0,41,0,90,0,30,0,6,0
Docs Core,com.sismics.docs.core.util,AuditLogUtil,48,0,2,0,14,0,3,0,2,0
Docs Core,com.sismics.docs.core.util,ActionUtil,51,0,4,0,18,0,8,0,5,0
Docs Core,com.sismics.docs.core.util,EncryptionUtil,9,97,0,4,3,21,1,8,1,6
Docs Core,com.sismics.docs.core.model.jpa,Group,66,0,0,0,23,0,13,0,13,0
Docs Core,com.sismics.docs.core.model.jpa,Comment,64,0,0,0,25,0,15,0,15,0
Docs Core,com.sismics.docs.core.model.jpa,AuditLog,72,0,0,0,28,0,16,0,16,0
Docs Core,com.sismics.docs.core.model.jpa,Relation,47,0,0,0,18,0,10,0,10,0
Docs Core,com.sismics.docs.core.model.jpa,User,126,0,0,0,46,0,29,0,29,0
Docs Core,com.sismics.docs.core.model.jpa,Contributor,40,0,0,0,15,0,8,0,8,0
Docs Core,com.sismics.docs.core.model.jpa,UserGroup,47,0,0,0,18,0,10,0,10,0
Docs Core,com.sismics.docs.core.model.jpa,Role,43,0,0,0,17,0,10,0,10,0
Docs Core,com.sismics.docs.core.model.jpa,DocumentTag,47,0,0,0,18,0,10,0,10,0
Docs Core,com.sismics.docs.core.model.jpa,Share,39,0,0,0,16,0,10,0,10,0
Docs Core,com.sismics.docs.core.model.jpa,RoleBaseFunction,54,0,0,0,21,0,12,0,12,0
Docs Core,com.sismics.docs.core.model.jpa,Acl,74,0,0,0,27,0,15,0,15,0
Docs Core,com.sismics.docs.core.model.jpa,AuthenticationToken,82,0,0,0,29,0,16,0,16,0
Docs Core,com.sismics.docs.core.model.jpa,DocumentMetadata,49,0,0,0,18,0,10,0,10,0
Docs Core,com.sismics.docs.core.model.jpa,Route,66,0,0,0,23,0,13,0,13,0
Docs Core,com.sismics.docs.core.model.jpa,BaseFunction,18,0,0,0,7,0,4,0,4,0
Docs Core,com.sismics.docs.core.model.jpa,Vocabulary,51,0,0,0,19,0,10,0,10,0
Docs Core,com.sismics.docs.core.model.jpa,File,120,28,4,0,41,11,27,8,25,8
Docs Core,com.sismics.docs.core.model.jpa,RouteStep,151,0,0,0,52,0,28,0,28,0
Docs Core,com.sismics.docs.core.model.jpa,Document,134,0,0,0,56,0,37,0,37,0
Docs Core,com.sismics.docs.core.model.jpa,PasswordRecovery,39,0,0,0,16,0,10,0,10,0
Docs Core,com.sismics.docs.core.model.jpa,Config,25,0,0,0,10,0,6,0,6,0
Docs Core,com.sismics.docs.core.model.jpa,Metadata,53,0,0,0,19,0,11,0,11,0
Docs Core,com.sismics.docs.core.model.jpa,Tag,71,0,0,0,28,0,17,0,17,0
Docs Core,com.sismics.docs.core.model.jpa,RouteModel,58,0,0,0,21,0,13,0,13,0
Docs Core,com.sismics.docs.core.model.jpa,Webhook,62,0,0,0,22,0,13,0,13,0
Docs Core,com.sismics.docs.core.util.action,RemoveTagAction,54,0,4,0,13,0,4,0,2,0
Docs Core,com.sismics.docs.core.util.action,ProcessFilesAction,80,0,2,0,22,0,5,0,4,0
Docs Core,com.sismics.docs.core.util.action,TagAction,38,0,4,0,9,0,4,0,2,0
Docs Core,com.sismics.docs.core.util.action,AddTagAction,71,0,6,0,14,0,5,0,2,0
Docs Core,com.sismics.util.css,Selector,0,63,0,2,0,15,0,4,0,3
Docs Core,com.sismics.util.css,Rule,0,19,0,0,0,6,0,3,0,3
Docs Core,com.sismics.util.mime,MimeType,3,0,0,0,1,0,1,0,1,0
Docs Core,com.sismics.util.mime,MimeTypeUtil,11,41,4,14,3,17,4,13,1,2
Docs Core,com.sismics.util.io,InputStreamReaderThread,66,0,4,0,15,0,5,0,3,0
Docs Core,com.sismics.docs.core.constant,MetadataType,33,0,0,0,6,0,1,0,1,0
Docs Core,com.sismics.docs.core.constant,ActionType,21,0,0,0,4,0,1,0,1,0
Docs Core,com.sismics.docs.core.constant,Constants,3,119,0,0,1,2,1,1,1,1
Docs Core,com.sismics.docs.core.constant,AclType,15,0,0,0,3,0,1,0,1,0
Docs Core,com.sismics.docs.core.constant,ConfigType,0,183,0,0,0,31,0,1,0,1
Docs Core,com.sismics.docs.core.constant,RouteStepTransition,21,0,0,0,4,0,1,0,1,0
Docs Core,com.sismics.docs.core.constant,AclTargetType,21,0,0,0,4,0,1,0,1,0
Docs Core,com.sismics.docs.core.constant,AuditLogType,21,0,0,0,4,0,1,0,1,0
Docs Core,com.sismics.docs.core.constant,PermType,15,0,0,0,3,0,1,0,1,0
Docs Core,com.sismics.docs.core.constant,RouteStepType,15,0,0,0,3,0,1,0,1,0
Docs Core,com.sismics.docs.core.constant,WebhookEvent,39,0,0,0,7,0,1,0,1,0
Docs Core,com.sismics.docs.core.dao,AclDao,332,0,20,0,83,0,16,0,6,0
Docs Core,com.sismics.docs.core.dao,ConfigDao,36,10,3,1,12,4,3,2,1,2
Docs Core,com.sismics.docs.core.dao,RouteDao,178,0,4,0,41,0,6,0,4,0
Docs Core,com.sismics.docs.core.dao,UserDao,675,0,26,0,158,0,29,0,16,0
Docs Core,com.sismics.docs.core.dao,PasswordRecoveryDao,85,0,0,0,20,0,4,0,4,0
Docs Core,com.sismics.docs.core.dao,GroupDao,448,0,28,0,106,0,24,0,10,0
Docs Core,com.sismics.docs.core.dao,RoleBaseFunctionDao,33,0,0,0,8,0,2,0,2,0
Docs Core,com.sismics.docs.core.dao,ContributorDao,100,0,2,0,25,0,5,0,4,0
Docs Core,com.sismics.docs.core.dao,CommentDao,164,0,2,0,40,0,6,0,5,0
Docs Core,com.sismics.docs.core.dao,WebhookDao,178,0,4,0,42,0,7,0,5,0
Docs Core,com.sismics.docs.core.dao,DocumentDao,509,0,4,0,114,0,12,0,10,0
Docs Core,com.sismics.docs.core.dao,FileDao,334,0,4,0,86,0,18,0,16,0
Docs Core,com.sismics.docs.core.dao,RelationDao,183,0,14,0,45,0,10,0,3,0
Docs Core,com.sismics.docs.core.dao,AuthenticationTokenDao,171,0,2,0,43,0,9,0,8,0
Docs Core,com.sismics.docs.core.dao,AuditLogDao,195,0,8,0,39,0,7,0,3,0
Docs Core,com.sismics.docs.core.dao,DocumentMetadataDao,136,0,2,0,30,0,5,0,4,0
Docs Core,com.sismics.docs.core.dao,ShareDao,62,0,0,0,17,0,3,0,3,0
Docs Core,com.sismics.docs.core.dao,TagDao,390,0,22,0,95,0,18,0,7,0
Docs Core,com.sismics.docs.core.dao,RouteStepDao,346,0,18,0,72,0,14,0,5,0
Docs Core,com.sismics.docs.core.dao,VocabularyDao,94,0,0,0,27,0,6,0,6,0
Docs Core,com.sismics.docs.core.dao,RouteModelDao,237,0,6,0,55,0,10,0,7,0
Docs Core,com.sismics.docs.core.dao,MetadataDao,192,0,2,0,46,0,7,0,6,0
Docs Core,com.sismics.docs.core.util.format,TextPlainFormatHandler,72,0,4,0,16,0,7,0,5,0
Docs Core,com.sismics.docs.core.util.format,VideoFormatHandler,150,0,4,0,26,0,7,0,5,0
Docs Core,com.sismics.docs.core.util.format,PdfFormatHandler,41,100,4,6,8,24,5,6,1,5
Docs Core,com.sismics.docs.core.util.format,ImageFormatHandler,64,144,11,8,13,21,10,5,2,3
Docs Core,com.sismics.docs.core.util.format,PptxFormatHandler,15,135,3,3,4,26,3,7,1,6
Docs Core,com.sismics.docs.core.util.format,OdtFormatHandler,8,61,1,1,1,13,2,5,1,5
Docs Core,com.sismics.docs.core.util.format,DocxFormatHandler,17,54,1,1,2,12,3,4,2,4
Docs Core,com.sismics.docs.core.util.format,FormatHandlerUtil,9,35,1,3,5,7,2,3,1,2
Docs Core,com.sismics.docs.core.util.authentication,AuthenticationUtil,55,0,4,0,15,0,6,0,4,0
Docs Core,com.sismics.docs.core.util.authentication,InternalAuthenticationHandler,12,0,0,0,3,0,2,0,2,0
Docs Core,com.sismics.docs.core.util.authentication,LdapAuthenticationHandler,185,0,18,0,47,0,13,0,4,0
Docs Core,com.sismics.util.totp,KeyRepresentation,0,15,0,0,0,3,0,1,0,1
Docs Core,com.sismics.util.totp,GoogleAuthenticatorException,9,0,0,0,4,0,2,0,2,0
Docs Core,com.sismics.util.totp,GoogleAuthenticatorKey,24,0,0,0,8,0,4,0,4,0
Docs Core,com.sismics.util.totp,ReseedingSecureRandom,122,46,11,5,25,16,10,3,2,3
Docs Core,com.sismics.util.totp,GoogleAuthenticatorConfig.GoogleAuthenticatorConfigBuilder,89,0,12,0,24,0,12,0,6,0
Docs Core,com.sismics.util.totp,GoogleAuthenticator,407,0,32,0,81,0,33,0,16,0
Docs Core,com.sismics.util.totp,GoogleAuthenticatorConfig,40,0,0,0,11,0,6,0,6,0
Docs Core,com.sismics.docs.core.util.indexing,LuceneIndexingHandler,1370,67,117,3,289,18,86,5,26,5
Docs Core,com.sismics.docs.core.dao.criteria,RouteStepCriteria,27,0,0,0,10,0,7,0,7,0
Docs Core,com.sismics.docs.core.dao.criteria,TagCriteria,27,0,0,0,10,0,7,0,7,0
Docs Core,com.sismics.docs.core.dao.criteria,AuditLogCriteria,28,0,0,0,11,0,7,0,7,0
Docs Core,com.sismics.docs.core.dao.criteria,UserCriteria,35,0,0,0,13,0,9,0,9,0
Docs Core,com.sismics.docs.core.dao.criteria,MetadataCriteria,3,0,0,0,1,0,1,0,1,0
Docs Core,com.sismics.docs.core.dao.criteria,WebhookCriteria,11,0,0,0,4,0,3,0,3,0
Docs Core,com.sismics.docs.core.dao.criteria,RouteCriteria,11,0,0,0,4,0,3,0,3,0
Docs Core,com.sismics.docs.core.dao.criteria,GroupCriteria,30,0,0,0,11,0,7,0,7,0
Docs Core,com.sismics.docs.core.dao.criteria,RouteModelCriteria,11,0,0,0,4,0,3,0,3,0
Docs Core,com.sismics.docs.core.dao.criteria,DocumentCriteria,111,0,0,0,43,0,28,0,28,0
Docs Core,com.sismics.docs.core.util.jpa,PaginatedLists,93,0,6,0,24,0,9,0,6,0
Docs Core,com.sismics.docs.core.util.jpa,QueryParam,15,0,0,0,6,0,3,0,3,0
Docs Core,com.sismics.docs.core.util.jpa,SortCriteria,24,0,4,0,9,0,5,0,3,0
Docs Core,com.sismics.docs.core.util.jpa,PaginatedList,29,0,0,0,12,0,7,0,7,0
Docs Core,com.sismics.docs.core.util.jpa,QueryUtil,68,0,6,0,13,0,6,0,3,0
